Workbook

Sheet ACCUEIL
A1: نظام ERP — مخزن مديرية التربية — ولاية البيض
A2: ERP_Academie_v7 | Excel 2010 Compatible | VLOOKUP + SUMPRODUCT
A4: المؤسسة | B4: مديرية التربية لولاية البيض
A5: المصلحة | B5: مصلحة الإدارة والوسائل العامة
A6: المسؤول | B6: ماهي كمال عبد الغني — TAG1801
A7: المؤطرة | B7: دهيني ميمونة (مصلحة الميزانية)
A8: فترة الرصد | B8: 38 يوم عمل (01/02 – 09/03/2026)
A9: الإصدار | B9: v7 | أفريل 2026
A11: مؤشرات الأداء الرئيسية (تُحسب آلياً من MOUVEMENTS)
A12: إجمالي قيمة المخزون (دج) | B12: =SUMPRODUCT(SUMIF(ARTICLES!$A$3:$A$500,"ART-001",ARTICLES!$G$3:$G$500)*(SUMIFS(MOUVEMENTS!$E$3:$E$500,MOUVEMENTS!$B$3:$B$500,"ART-001",MOUVEMENTS!$D$3:$D$500,"IN")-SUMIFS(MOUVEMENTS!$E$3:$E$500,MOUVEMENTS!$B$3:$B$500,"ART-001",MOUVEMENTS!$D$3:$D$500,"OUT"))) -> 150000 | C12: مرجع Wilson: ART-001
A13: عدد الأصناف المسجّلة | B13: =COUNTA(ARTICLES!$A$3:$A$500) -> 13 | C13: 12 مادة
A14: إجمالي الحركات المسجّلة | B14: =COUNTA(MOUVEMENTS!$A$3:$A$500) -> 29 | C14: دخول + خروج
A15: المواد التي بلغت ROP | B15: =COUNTIF('TABLEAU DE BORD'!$K$4:$K$15,">> COMMANDER")+COUNTIF('TABLEAU DE BORD'!$K$4:$K$15,"!! RUPTURE") -> 12 | C15: تنبيه فوري

Sheet ARTICLES
A1: CATALOGUE DES ARTICLES — مديرية التربية — البيض [v7 | 12 articles | OPT-01]
A2: Code Article | B2: Désignation (FR) | C2: التسمية (AR) | D2: Unité | E2: Cl. ABC | F2: Stock Min | G2: Stock Max | H2: Prix Unit. (DA) | I2: Fournisseur | J2: Emplacement
A3: ART-001 | B3: Rame papier A4 80g/m² | C3: رزمة ورق A4 80غ | D3: Rame | E3: A | F3: 400 | G3: 1500 | H3: 400 | I3: ENAP Alger | J3: Rayon A-E1
A4: ART-002 | B4: Toner imprimante G030 (noir) | C4: حبر طابعة G030 | D4: Unité | E4: B | F4: 3 | G4: 15 | H4: 3000 | I4: Bureautique Oran | J4: Rayon B-E2
A5: ART-003 | B5: Rame papier A3 80g/m² | C5: رزمة ورق A3 80غ | D5: Rame | E5: B | F5: 30 | G5: 150 | H5: 600 | I5: ENAP Alger | J5: Rayon A-E3
A6: ART-004 | B6: Boîte archives carton | C6: علبة الأرشيف | D6: Unité | E6: C | F6: 20 | G6: 200 | H6: 150 | I6: Bureau Plus | J6: Rayon C-E1
A7: ART-005 | B7: Agrafeuse de bureau | C7: دباسة مكتبية | D7: Unité | E7: C | F7: 2 | G7: 10 | H7: 800 | I7: Bureau Plus | J7: Rayon C-E1
A8: ART-006 | B8: Stylos bille boîte/50 | C8: أقلام حبر جاف | D8: Boîte | E8: C | F8: 5 | G8: 30 | H8: 30 | I8: ENAP Alger | J8: Rayon A-E1
A9: ART-007 | B9: Registre grand format 5m | C9: سجل 5م | D9: Unité | E9: C | F9: 2 | G9: 10 | H9: 300 | I9: ENAP Alger | J9: Rayon A-E2
A10: ART-008 | B10: Encre tampon | C10: حبر الختم | D10: Unité | E10: C | F10: 2 | G10: 10 | H10: 200 | I10: Bureau Plus | J10: Rayon C-E2
A11: ART-009 | B11: Sous-chemise carton | C11: ملف (sous-chemise) | D11: Unité | E11: C | F11: 10 | G11: 100 | H11: 50 | I11: ENAP Alger | J11: Rayon A-E1
A12: ART-010 | B12: Chemise cartonnée | C12: ملف (Chemise) | D12: Unité | E12: C | F12: 5 | G12: 50 | H12: 80 | I12: ENAP Alger | J12: Rayon A-E1
A13: ART-011 | B13: Rouleau papier fax | C13: بكرة الفاكس | D13: Rouleau | E13: C | F13: 1 | G13: 5 | H13: 400 | I13: Bureautique Oran | J13: Rayon B-E3
A14: ART-012 | B14: Marqueur permanent noir | C14: قلم تحديد أسود | D14: Unité | E14: C | F14: 5 | G14: 30 | H14: 50 | I14: ENAP Alger | J14: Rayon A-E1
A16: Classe A = articles stratégiques (forte valeur) | Classe B = articles intermédiaires | Classe C = articles courants

Sheet FOURNISSEURS
A1: CATALOGUE DES FOURNISSEURS — Évaluation pondérée (note /10)
A2: Code | B2: Nom abrégé | C2: Raison sociale | D2: Wilaya | E2: Téléphone | F2: Classe | G2: Délai (j) | H2: Note /100 | I2: Spécialité
A3: F-001 | B3: ENAP Alger | C3: Entreprise Nat. des Arts et Papeteries | D3: Alger | E3: 021-XX-XX-XX | F3: A | G3: 8 | H3: 95 | I3: Articles papeterie, impression
A4: F-002 | B4: Bureautique Oran | C4: Fournisseur bureautique multi-services | D4: Oran | E4: 041-XX-XX-XX | F4: A | G4: 5 | H4: 90 | I4: Consommables informatiques, toners
A5: F-003 | B5: Bureau Plus | C5: Articles de bureau et consommables | D5: Mascara | E5: 045-XX-XX-XX | F5: B | G5: 7 | H5: 80 | I5: Matériel de bureau, classement

Sheet MOUVEMENTS
A1: REGISTRE DES MOUVEMENTS — ENTRÉES / SORTIES [v7 | OPT-01 range 500 | OPT-02 MAX(1,…) CMUP | FIX-01 no prefix]
A2: Date | B2: Code Article | C2: Désignation (auto) | D2: Type IN/OUT | E2: Quantité | F2: Prix Unit. (DA) [AUTO-VLOOKUP] | G2: Valeur (DA) | H2: Réf. Doc | I2: Prix Cat. (VLOOKUP col I) | J2: Stock Net (IN−OUT col J) | K2: Valeur IN Cumulée (K) | L2: CMUP Exact (L=K÷MAX(1,ΣIN)) [OPT-02] | M2: Notes
A3: 46022 | B3: ART-001 | C3: =IFERROR(VLOOKUP(B3,ARTICLES!$A$3:$G$500,2,0),"—") -> Rame papier A4 80g/m² | D3: IN | E3: 405 | F3: =IFERROR(VLOOKUP(B3,ARTICLES!$A$3:$G$500,7,0),0) -> 1500 | G3: =E3*F3 -> 607500 | H3: SI-2025 | I3: =IFERROR(VLOOKUP(B3,ARTICLES!$A$3:$G$500,7,0),0) -> 1500 | J3: =SUMPRODUCT(($B$3:$B3=B3)*($D$3:$D3="IN")*$E$3:$E3)-SUMPRODUCT(($B$3:$B3=B3)*($D$3:$D3="OUT")*$E$3:$E3) -> 405 | K3: =SUMPRODUCT(($B$3:$B3=B3)*($D$3:$D3="IN")*$E$3:$E3*$F$3:$F3) -> 607500 | L3: =IFERROR(K3/MAX(1,SUMPRODUCT(($B$3:$B3=B3)*($D$3:$D3="IN")*$E$3:$E3)),IFERROR(VLOOKUP(B3,ARTICLES!$A$3:$G$500,7,0),0)) -> 1500 | M3: رصيد افتتاحي 31/12/2025
A4: 46030 | B4: ART-001 | C4: =IFERROR(VLOOKUP(B4,ARTICLES!$A$3:$G$500,2,0),"—") -> Rame papier A4 80g/m² | D4: OUT | E4: 75 | F4: =IFERROR(VLOOKUP(B4,ARTICLES!$A$3:$G$500,7,0),0) -> 1500 | G4: =E4*F4 -> 112500 | H4: BS-J1-001 | I4: =IFERROR(VLOOKUP(B4,ARTICLES!$A$3:$G$500,7,0),0) -> 1500 | J4: =SUMPRODUCT(($B$3:$B4=B4)*($D$3:$D4="IN")*$E$3:$E4)-SUMPRODUCT(($B$3:$B4=B4)*($D$3:$D4="OUT")*$E$3:$E4) -> 330 | K4: =SUMPRODUCT(($B$3:$B4=B4)*($D$3:$D4="IN")*$E$3:$E4*$F$3:$F4) -> 607500 | L4: =IFERROR(K4/MAX(1,SUMPRODUCT(($B$3:$B4=B4)*($D$3:$D4="IN")*$E$3:$E4)),IFERROR(VLOOKUP(B4,ARTICLES!$A$3:$G$500,7,0),0)) -> 1500 | M4: مصلحة الرواتب + المستخدمين
A5: 46037 | B5: ART-001 | C5: =IFERROR(VLOOKUP(B5,ARTICLES!$A$3:$G$500,2,0),"—") -> Rame papier A4 80g/m² | D5: OUT | E5: 55 | F5: =IFERROR(VLOOKUP(B5,ARTICLES!$A$3:$G$500,7,0),0) -> 1500 | G5: =E5*F5 -> 82500 | H5: BS-J1-002 | I5: =IFERROR(VLOOKUP(B5,ARTICLES!$A$3:$G$500,7,0),0) -> 1500 | J5: =SUMPRODUCT(($B$3:$B5=B5)*($D$3:$D5="IN")*$E$3:$E5)-SUMPRODUCT(($B$3:$B5=B5)*($D$3:$D5="OUT")*$E$3:$E5) -> 275 | K5: =SUMPRODUCT(($B$3:$B5=B5)*($D$3:$D5="IN")*$E$3:$E5*$F$3:$F5) -> 607500 | L5: =IFERROR(K5/MAX(1,SUMPRODUCT(($B$3:$B5=B5)*($D$3:$D5="IN")*$E$3:$E5)),IFERROR(VLOOKUP(B5,ARTICLES!$A$3:$G$500,7,0),0)) -> 1500 | M5: مصلحة الموظفين + الامتحانات
A6: 46050 | B6: ART-001 | C6: =IFERROR(VLOOKUP(B6,ARTICLES!$A$3:$G$500,2,0),"—") -> Rame papier A4 80g/m² | D6: OUT | E6: 40 | F6: =IFERROR(VLOOKUP(B6,ARTICLES!$A$3:$G$500,7,0),0) -> 1500 | G6: =E6*F6 -> 60000 | H6: BS-J1-003 | I6: =IFERROR(VLOOKUP(B6,ARTICLES!$A$3:$G$500,7,0),0) -> 1500 | J6: =SUMPRODUCT(($B$3:$B6=B6)*($D$3:$D6="IN")*$E$3:$E6)-SUMPRODUCT(($B$3:$B6=B6)*($D$3:$D6="OUT")*$E$3:$E6) -> 235 | K6: =SUMPRODUCT(($B$3:$B6=B6)*($D$3:$D6="IN")*$E$3:$E6*$F$3:$F6) -> 607500 | L6: =IFERROR(K6/MAX(1,SUMPRODUCT(($B$3:$B6=B6)*($D$3:$D6="IN")*$E$3:$E6)),IFERROR(VLOOKUP(B6,ARTICLES!$A$3:$G$500,7,0),0)) -> 1500 | M6: عدة مصالح — نهاية يناير
A7: 46054 | B7: ART-002 | C7: =IFERROR(VLOOKUP(B7,ARTICLES!$A$3:$G$500,2,0),"—") -> Toner imprimante G030 (noir) | D7: IN | E7: 5 | F7: =IFERROR(VLOOKUP(B7,ARTICLES!$A$3:$G$500,7,0),0) -> 15 | G7: =E7*F7 -> 75 | H7: BR-001 | I7: =IFERROR(VLOOKUP(B7,ARTICLES!$A$3:$G$500,7,0),0) -> 15 | J7: =SUMPRODUCT(($B$3:$B7=B7)*($D$3:$D7="IN")*$E$3:$E7)-SUMPRODUCT(($B$3:$B7=B7)*($D$3:$D7="OUT")*$E$3:$E7) -> 5 | K7: =SUMPRODUCT(($B$3:$B7=B7)*($D$3:$D7="IN")*$E$3:$E7*$F$3:$F7) -> 75 | L7: =IFERROR(K7/MAX(1,SUMPRODUCT(($B$3:$B7=B7)*($D$3:$D7="IN")*$E$3:$E7)),IFERROR(VLOOKUP(B7,ARTICLES!$A$3:$G$500,7,0),0)) -> 15 | M7: وصل استلام — Toner G030
A8: 46054 | B8: ART-003 | C8: =IFERROR(VLOOKUP(B8,ARTICLES!$A$3:$G$500,2,0),"—") -> Rame papier A3 80g/m² | D8: IN | E8: 100 | F8: =IFERROR(VLOOKUP(B8,ARTICLES!$A$3:$G$500,7,0),0) -> 150 | G8: =E8*F8 -> 15000 | H8: BR-001 | I8: =IFERROR(VLOOKUP(B8,ARTICLES!$A$3:$G$500,7,0),0) -> 150 | J8: =SUMPRODUCT(($B$3:$B8=B8)*($D$3:$D8="IN")*$E$3:$E8)-SUMPRODUCT(($B$3:$B8=B8)*($D$3:$D8="OUT")*$E$3:$E8) -> 100 | K8: =SUMPRODUCT(($B$3:$B8=B8)*($D$3:$D8="IN")*$E$3:$E8*$F$3:$F8) -> 15000 | L8: =IFERROR(K8/MAX(1,SUMPRODUCT(($B$3:$B8=B8)*($D$3:$D8="IN")*$E$3:$E8)),IFERROR(VLOOKUP(B8,ARTICLES!$A$3:$G$500,7,0),0)) -> 150 | M8: وصل استلام — رزمة ورق A3
A9: 46054 | B9: ART-004 | C9: =IFERROR(VLOOKUP(B9,ARTICLES!$A$3:$G$500,2,0),"—") -> Boîte archives carton | D9: IN | E9: 240 | F9: =IFERROR(VLOOKUP(B9,ARTICLES!$A$3:$G$500,7,0),0) -> 200 | G9: =E9*F9 -> 48000 | H9: SI-001 | I9: =IFERROR(VLOOKUP(B9,ARTICLES!$A$3:$G$500,7,0),0) -> 200 | J9: =SUMPRODUCT(($B$3:$B9=B9)*($D$3:$D9="IN")*$E$3:$E9)-SUMPRODUCT(($B$3:$B9=B9)*($D$3:$D9="OUT")*$E$3:$E9) -> 240 | K9: =SUMPRODUCT(($B$3:$B9=B9)*($D$3:$D9="IN")*$E$3:$E9*$F$3:$F9) -> 48000 | L9: =IFERROR(K9/MAX(1,SUMPRODUCT(($B$3:$B9=B9)*($D$3:$D9="IN")*$E$3:$E9)),IFERROR(VLOOKUP(B9,ARTICLES!$A$3:$G$500,7,0),0)) -> 200 | M9: رصيد افتتاحي فيفري
A10: 46054 | B10: ART-005 | C10: =IFERROR(VLOOKUP(B10,ARTICLES!$A$3:$G$500,2,0),"—") -> Agrafeuse de bureau | D10: IN | E10: 4 | F10: =IFERROR(VLOOKUP(B10,ARTICLES!$A$3:$G$500,7,0),0) -> 10 | G10: =E10*F10 -> 40 | H10: SI-001 | I10: =IFERROR(VLOOKUP(B10,ARTICLES!$A$3:$G$500,7,0),0) -> 10 | J10: =SUMPRODUCT(($B$3:$B10=B10)*($D$3:$D10="IN")*$E$3:$E10)-SUMPRODUCT(($B$3:$B10=B10)*($D$3:$D10="OUT")*$E$3:$E10) -> 4 | K10: =SUMPRODUCT(($B$3:$B10=B10)*($D$3:$D10="IN")*$E$3:$E10*$F$3:$F10) -> 40 | L10: =IFERROR(K10/MAX(1,SUMPRODUCT(($B$3:$B10=B10)*($D$3:$D10="IN")*$E$3:$E10)),IFERROR(VLOOKUP(B10,ARTICLES!$A$3:$G$500,7,0),0)) -> 10 | M10: رصيد افتتاحي فيفري
A11: 46054 | B11: ART-006 | C11: =IFERROR(VLOOKUP(B11,ARTICLES!$A$3:$G$500,2,0),"—") -> Stylos bille boîte/50 | D11: IN | E11: 50 | F11: =IFERROR(VLOOKUP(B11,ARTICLES!$A$3:$G$500,7,0),0) -> 30 | G11: =E11*F11 -> 1500 | H11: SI-001 | I11: =IFERROR(VLOOKUP(B11,ARTICLES!$A$3:$G$500,7,0),0) -> 30 | J11: =SUMPRODUCT(($B$3:$B11=B11)*($D$3:$D11="IN")*$E$3:$E11)-SUMPRODUCT(($B$3:$B11=B11)*($D$3:$D11="OUT")*$E$3:$E11) -> 50 | K11: =SUMPRODUCT(($B$3:$B11=B11)*($D$3:$D11="IN")*$E$3:$E11*$F$3:$F11) -> 1500 | L11: =IFERROR(K11/MAX(1,SUMPRODUCT(($B$3:$B11=B11)*($D$3:$D11="IN")*$E$3:$E11)),IFERROR(VLOOKUP(B11,ARTICLES!$A$3:$G$500,7,0),0)) -> 30 | M11: رصيد افتتاحي فيفري
A12: 46054 | B12: ART-007 | C12: =IFERROR(VLOOKUP(B12,ARTICLES!$A$3:$G$500,2,0),"—") -> Registre grand format 5m | D12: IN | E12: 3 | F12: =IFERROR(VLOOKUP(B12,ARTICLES!$A$3:$G$500,7,0),0) -> 10 | G12: =E12*F12 -> 30 | H12: SI-001 | I12: =IFERROR(VLOOKUP(B12,ARTICLES!$A$3:$G$500,7,0),0) -> 10 | J12: =SUMPRODUCT(($B$3:$B12=B12)*($D$3:$D12="IN")*$E$3:$E12)-SUMPRODUCT(($B$3:$B12=B12)*($D$3:$D12="OUT")*$E$3:$E12) -> 3 | K12: =SUMPRODUCT(($B$3:$B12=B12)*($D$3:$D12="IN")*$E$3:$E12*$F$3:$F12) -> 30 | L12: =IFERROR(K12/MAX(1,SUMPRODUCT(($B$3:$B12=B12)*($D$3:$D12="IN")*$E$3:$E12)),IFERROR(VLOOKUP(B12,ARTICLES!$A$3:$G$500,7,0),0)) -> 10 | M12: رصيد افتتاحي فيفري
A13: 46054 | B13: ART-008 | C13: =IFERROR(VLOOKUP(B13,ARTICLES!$A$3:$G$500,2,0),"—") -> Encre tampon | D13: IN | E13: 5 | F13: =IFERROR(VLOOKUP(B13,ARTICLES!$A$3:$G$500,7,0),0) -> 10 | G13: =E13*F13 -> 50 | H13: SI-001 | I13: =IFERROR(VLOOKUP(B13,ARTICLES!$A$3:$G$500,7,0),0) -> 10 | J13: =SUMPRODUCT(($B$3:$B13=B13)*($D$3:$D13="IN")*$E$3:$E13)-SUMPRODUCT(($B$3:$B13=B13)*($D$3:$D13="OUT")*$E$3:$E13) -> 5 | K13: =SUMPRODUCT(($B$3:$B13=B13)*($D$3:$D13="IN")*$E$3:$E13*$F$3:$F13) -> 50 | L13: =IFERROR(K13/MAX(1,SUMPRODUCT(($B$3:$B13=B13)*($D$3:$D13="IN")*$E$3:$E13)),IFERROR(VLOOKUP(B13,ARTICLES!$A$3:$G$500,7,0),0)) -> 10 | M13: رصيد افتتاحي فيفري
A14: 46054 | B14: ART-009 | C14: =IFERROR(VLOOKUP(B14,ARTICLES!$A$3:$G$500,2,0),"—") -> Sous-chemise carton | D14: IN | E14: 48 | F14: =IFERROR(VLOOKUP(B14,ARTICLES!$A$3:$G$500,7,0),0) -> 100 | G14: =E14*F14 -> 4800 | H14: SI-001 | I14: =IFERROR(VLOOKUP(B14,ARTICLES!$A$3:$G$500,7,0),0) -> 100 | J14: =SUMPRODUCT(($B$3:$B14=B14)*($D$3:$D14="IN")*$E$3:$E14)-SUMPRODUCT(($B$3:$B14=B14)*($D$3:$D14="OUT")*$E$3:$E14) -> 48 | K14: =SUMPRODUCT(($B$3:$B14=B14)*($D$3:$D14="IN")*$E$3:$E14*$F$3:$F14) -> 4800 | L14: =IFERROR(K14/MAX(1,SUMPRODUCT(($B$3:$B14=B14)*($D$3:$D14="IN")*$E$3:$E14)),IFERROR(VLOOKUP(B14,ARTICLES!$A$3:$G$500,7,0),0)) -> 100 | M14: رصيد افتتاحي فيفري
... A31: 46090 | B31: ART-009 | C31: =IFERROR(VLOOKUP(B31,ARTICLES!$A$3:$G$500,2,0),"—") -> Sous-chemise carton | D31: OUT | E31: 22 | F31: =IFERROR(VLOOKUP(B31,ARTICLES!$A$3:$G$500,7,0),0) -> 100 | G31: =E31*F31 -> 2200 | H31: BS-M1-006 | I31: =IFERROR(VLOOKUP(B31,ARTICLES!$A$3:$G$500,7,0),0) -> 100 | J31: =SUMPRODUCT(($B$3:$B31=B31)*($D$3:$D31="IN")*$E$3:$E31)-SUMPRODUCT(($B$3:$B31=B31)*($D$3:$D31="OUT")*$E$3:$E31) -> 1 | K31: =SUMPRODUCT(($B$3:$B31=B31)*($D$3:$D31="IN")*$E$3:$E31*$F$3:$F31) -> 4800 | L31: =IFERROR(K31/MAX(1,SUMPRODUCT(($B$3:$B31=B31)*($D$3:$D31="IN")*$E$3:$E31)),IFERROR(VLOOKUP(B31,ARTICLES!$A$3:$G$500,7,0),0)) -> 100 | M31: !! رصيد حرج → 1 وحدة

Sheet TABLEAU DE BORD
A1: TABLEAU DE BORD — ÉTAT DU STOCK + STATUTS ROP [v7 | 12 articles | OPT-01 range | OPT-02 CMUP | Excel 2010]
A2: SECTION 1 — ÉTAT DU STOCK EN TEMPS RÉEL (ROP dynamique par article | 38 j obs. | LT = 2 j)
A3: Code | B3: Désignation | C3: ABC | D3: Total IN | E3: Total OUT | F3: STOCK ACTUEL | G3: Stock Min | H3: CMUP (DA) | I3: Valeur Stock (DA) | J3: ROP [OPT-01] | K3: Statut | M3: PARAMÈTRES | N3: Valeur
A4: ART-001 | B4: =IFERROR(VLOOKUP(A4,ARTICLES!$A$3:$G$500,2,0),"") -> Rame papier A4 80g/m² | C4: =IFERROR(VLOOKUP(A4,ARTICLES!$A$3:$D$500,4,0),"") -> Rame | D4: =SUMIFS(MOUVEMENTS!$E$3:$E$500,MOUVEMENTS!$B$3:$B$500,A4,MOUVEMENTS!$D$3:$D$500,"IN") -> 405 | E4: =SUMIFS(MOUVEMENTS!$E$3:$E$500,MOUVEMENTS!$B$3:$B$500,A4,MOUVEMENTS!$D$3:$D$500,"OUT") -> 305 | F4: =D4-E4 -> 100 | G4: =IFERROR(VLOOKUP(A4,ARTICLES!$A$3:$E$500,5,0),0) -> A | H4: =IFERROR(LOOKUP(2,1/(MOUVEMENTS!$B$3:$B$500=A4),MOUVEMENTS!$L$3:$L$500),IFERROR(VLOOKUP(A4,ARTICLES!$A$3:$G$500,7,0),0)) -> 1500 | I4: =F4*H4 -> 150000 | J4: =IFERROR(G4+(SUMIFS(MOUVEMENTS!$E$3:$E$500,MOUVEMENTS!$B$3:$B$500,A4,MOUVEMENTS!$D$3:$D$500,"OUT")/MAX(1,$N$4))*$N$6,G4) -> A | K4: =IF(F4=0,"!! RUPTURE",IF(F4<=J4,">> COMMANDER",IF(F4<=J4*1.25,"~ ALERTE","OK"))) -> >> COMMANDER | M4: Jours observation (fixe) | N4: 38
A5: ART-002 | B5: =IFERROR(VLOOKUP(A5,ARTICLES!$A$3:$G$500,2,0),"") -> Toner imprimante G030 (noir) | C5: =IFERROR(VLOOKUP(A5,ARTICLES!$A$3:$D$500,4,0),"") -> Unité | D5: =SUMIFS(MOUVEMENTS!$E$3:$E$500,MOUVEMENTS!$B$3:$B$500,A5,MOUVEMENTS!$D$3:$D$500,"IN") -> 5 | E5: =SUMIFS(MOUVEMENTS!$E$3:$E$500,MOUVEMENTS!$B$3:$B$500,A5,MOUVEMENTS!$D$3:$D$500,"OUT") -> 5 | F5: =D5-E5 -> 0 | G5: =IFERROR(VLOOKUP(A5,ARTICLES!$A$3:$E$500,5,0),0) -> B | H5: =IFERROR(LOOKUP(2,1/(MOUVEMENTS!$B$3:$B$500=A5),MOUVEMENTS!$L$3:$L$500),IFERROR(VLOOKUP(A5,ARTICLES!$A$3:$G$500,7,0),0)) -> 15 | I5: =F5*H5 -> 0 | J5: =IFERROR(G5+(SUMIFS(MOUVEMENTS!$E$3:$E$500,MOUVEMENTS!$B$3:$B$500,A5,MOUVEMENTS!$D$3:$D$500,"OUT")/MAX(1,$N$4))*$N$6,G5) -> B | K5: =IF(F5=0,"!! RUPTURE",IF(F5<=J5,">> COMMANDER",IF(F5<=J5*1.25,"~ ALERTE","OK"))) -> !! RUPTURE | M5: Période réf. (jours ouvrés) | N5: =$N$4 -> 38
A6: ART-003 | B6: =IFERROR(VLOOKUP(A6,ARTICLES!$A$3:$G$500,2,0),"") -> Rame papier A3 80g/m² | C6: =IFERROR(VLOOKUP(A6,ARTICLES!$A$3:$D$500,4,0),"") -> Rame | D6: =SUMIFS(MOUVEMENTS!$E$3:$E$500,MOUVEMENTS!$B$3:$B$500,A6,MOUVEMENTS!$D$3:$D$500,"IN") -> 100 | E6: =SUMIFS(MOUVEMENTS!$E$3:$E$500,MOUVEMENTS!$B$3:$B$500,A6,MOUVEMENTS!$D$3:$D$500,"OUT") -> 98 | F6: =D6-E6 -> 2 | G6: =IFERROR(VLOOKUP(A6,ARTICLES!$A$3:$E$500,5,0),0) -> B | H6: =IFERROR(LOOKUP(2,1/(MOUVEMENTS!$B$3:$B$500=A6),MOUVEMENTS!$L$3:$L$500),IFERROR(VLOOKUP(A6,ARTICLES!$A$3:$G$500,7,0),0)) -> 150 | I6: =F6*H6 -> 300 | J6: =IFERROR(G6+(SUMIFS(MOUVEMENTS!$E$3:$E$500,MOUVEMENTS!$B$3:$B$500,A6,MOUVEMENTS!$D$3:$D$500,"OUT")/MAX(1,$N$4))*$N$6,G6) -> B | K6: =IF(F6=0,"!! RUPTURE",IF(F6<=J6,">> COMMANDER",IF(F6<=J6*1.25,"~ ALERTE","OK"))) -> >> COMMANDER | M6: Délai livraison LT (jours) | N6: 2
A7: ART-004 | B7: =IFERROR(VLOOKUP(A7,ARTICLES!$A$3:$G$500,2,0),"") -> Boîte archives carton | C7: =IFERROR(VLOOKUP(A7,ARTICLES!$A$3:$D$500,4,0),"") -> Unité | D7: =SUMIFS(MOUVEMENTS!$E$3:$E$500,MOUVEMENTS!$B$3:$B$500,A7,MOUVEMENTS!$D$3:$D$500,"IN") -> 240 | E7: =SUMIFS(MOUVEMENTS!$E$3:$E$500,MOUVEMENTS!$B$3:$B$500,A7,MOUVEMENTS!$D$3:$D$500,"OUT") -> 50 | F7: =D7-E7 -> 190 | G7: =IFERROR(VLOOKUP(A7,ARTICLES!$A$3:$E$500,5,0),0) -> C | H7: =IFERROR(LOOKUP(2,1/(MOUVEMENTS!$B$3:$B$500=A7),MOUVEMENTS!$L$3:$L$500),IFERROR(VLOOKUP(A7,ARTICLES!$A$3:$G$500,7,0),0)) -> 200 | I7: =F7*H7 -> 38000 | J7: =IFERROR(G7+(SUMIFS(MOUVEMENTS!$E$3:$E$500,MOUVEMENTS!$B$3:$B$500,A7,MOUVEMENTS!$D$3:$D$500,"OUT")/MAX(1,$N$4))*$N$6,G7) -> C | K7: =IF(F7=0,"!! RUPTURE",IF(F7<=J7,">> COMMANDER",IF(F7<=J7*1.25,"~ ALERTE","OK"))) -> >> COMMANDER
A8: ART-005 | B8: =IFERROR(VLOOKUP(A8,ARTICLES!$A$3:$G$500,2,0),"") -> Agrafeuse de bureau | C8: =IFERROR(VLOOKUP(A8,ARTICLES!$A$3:$D$500,4,0),"") -> Unité | D8: =SUMIFS(MOUVEMENTS!$E$3:$E$500,MOUVEMENTS!$B$3:$B$500,A8,MOUVEMENTS!$D$3:$D$500,"IN") -> 4 | E8: =SUMIFS(MOUVEMENTS!$E$3:$E$500,MOUVEMENTS!$B$3:$B$500,A8,MOUVEMENTS!$D$3:$D$500,"OUT") -> 2 | F8: =D8-E8 -> 2 | G8: =IFERROR(VLOOKUP(A8,ARTICLES!$A$3:$E$500,5,0),0) -> C | H8: =IFERROR(LOOKUP(2,1/(MOUVEMENTS!$B$3:$B$500=A8),MOUVEMENTS!$L$3:$L$500),IFERROR(VLOOKUP(A8,ARTICLES!$A$3:$G$500,7,0),0)) -> 10 | I8: =F8*H8 -> 20 | J8: =IFERROR(G8+(SUMIFS(MOUVEMENTS!$E$3:$E$500,MOUVEMENTS!$B$3:$B$500,A8,MOUVEMENTS!$D$3:$D$500,"OUT")/MAX(1,$N$4))*$N$6,G8) -> C | K8: =IF(F8=0,"!! RUPTURE",IF(F8<=J8,">> COMMANDER",IF(F8<=J8*1.25,"~ ALERTE","OK"))) -> >> COMMANDER
A9: ART-006 | B9: =IFERROR(VLOOKUP(A9,ARTICLES!$A$3:$G$500,2,0),"") -> Stylos bille boîte/50 | C9: =IFERROR(VLOOKUP(A9,ARTICLES!$A$3:$D$500,4,0),"") -> Boîte | D9: =SUMIFS(MOUVEMENTS!$E$3:$E$500,MOUVEMENTS!$B$3:$B$500,A9,MOUVEMENTS!$D$3:$D$500,"IN") -> 50 | E9: =SUMIFS(MOUVEMENTS!$E$3:$E$500,MOUVEMENTS!$B$3:$B$500,A9,MOUVEMENTS!$D$3:$D$500,"OUT") -> 20 | F9: =D9-E9 -> 30 | G9: =IFERROR(VLOOKUP(A9,ARTICLES!$A$3:$E$500,5,0),0) -> C | H9: =IFERROR(LOOKUP(2,1/(MOUVEMENTS!$B$3:$B$500=A9),MOUVEMENTS!$L$3:$L$500),IFERROR(VLOOKUP(A9,ARTICLES!$A$3:$G$500,7,0),0)) -> 30 | I9: =F9*H9 -> 900 | J9: =IFERROR(G9+(SUMIFS(MOUVEMENTS!$E$3:$E$500,MOUVEMENTS!$B$3:$B$500,A9,MOUVEMENTS!$D$3:$D$500,"OUT")/MAX(1,$N$4))*$N$6,G9) -> C | K9: =IF(F9=0,"!! RUPTURE",IF(F9<=J9,">> COMMANDER",IF(F9<=J9*1.25,"~ ALERTE","OK"))) -> >> COMMANDER
A10: ART-007 | B10: =IFERROR(VLOOKUP(A10,ARTICLES!$A$3:$G$500,2,0),"") -> Registre grand format 5m | C10: =IFERROR(VLOOKUP(A10,ARTICLES!$A$3:$D$500,4,0),"") -> Unité | D10: =SUMIFS(MOUVEMENTS!$E$3:$E$500,MOUVEMENTS!$B$3:$B$500,A10,MOUVEMENTS!$D$3:$D$500,"IN") -> 3 | E10: =SUMIFS(MOUVEMENTS!$E$3:$E$500,MOUVEMENTS!$B$3:$B$500,A10,MOUVEMENTS!$D$3:$D$500,"OUT") -> 0 | F10: =D10-E10 -> 3 | G10: =IFERROR(VLOOKUP(A10,ARTICLES!$A$3:$E$500,5,0),0) -> C | H10: =IFERROR(LOOKUP(2,1/(MOUVEMENTS!$B$3:$B$500=A10),MOUVEMENTS!$L$3:$L$500),IFERROR(VLOOKUP(A10,ARTICLES!$A$3:$G$500,7,0),0)) -> 10 | I10: =F10*H10 -> 30 | J10: =IFERROR(G10+(SUMIFS(MOUVEMENTS!$E$3:$E$500,MOUVEMENTS!$B$3:$B$500,A10,MOUVEMENTS!$D$3:$D$500,"OUT")/MAX(1,$N$4))*$N$6,G10) -> C | K10: =IF(F10=0,"!! RUPTURE",IF(F10<=J10,">> COMMANDER",IF(F10<=J10*1.25,"~ ALERTE","OK"))) -> >> COMMANDER
A11: ART-008 | B11: =IFERROR(VLOOKUP(A11,ARTICLES!$A$3:$G$500,2,0),"") -> Encre tampon | C11: =IFERROR(VLOOKUP(A11,ARTICLES!$A$3:$D$500,4,0),"") -> Unité | D11: =SUMIFS(MOUVEMENTS!$E$3:$E$500,MOUVEMENTS!$B$3:$B$500,A11,MOUVEMENTS!$D$3:$D$500,"IN") -> 5 | E11: =SUMIFS(MOUVEMENTS!$E$3:$E$500,MOUVEMENTS!$B$3:$B$500,A11,MOUVEMENTS!$D$3:$D$500,"OUT") -> 0 | F11: =D11-E11 -> 5 | G11: =IFERROR(VLOOKUP(A11,ARTICLES!$A$3:$E$500,5,0),0) -> C | H11: =IFERROR(LOOKUP(2,1/(MOUVEMENTS!$B$3:$B$500=A11),MOUVEMENTS!$L$3:$L$500),IFERROR(VLOOKUP(A11,ARTICLES!$A$3:$G$500,7,0),0)) -> 10 | I11: =F11*H11 -> 50 | J11: =IFERROR(G11+(SUMIFS(MOUVEMENTS!$E$3:$E$500,MOUVEMENTS!$B$3:$B$500,A11,MOUVEMENTS!$D$3:$D$500,"OUT")/MAX(1,$N$4))*$N$6,G11) -> C | K11: =IF(F11=0,"!! RUPTURE",IF(F11<=J11,">> COMMANDER",IF(F11<=J11*1.25,"~ ALERTE","OK"))) -> >> COMMANDER
A12: ART-009 | B12: =IFERROR(VLOOKUP(A12,ARTICLES!$A$3:$G$500,2,0),"") -> Sous-chemise carton | C12: =IFERROR(VLOOKUP(A12,ARTICLES!$A$3:$D$500,4,0),"") -> Unité | D12: =SUMIFS(MOUVEMENTS!$E$3:$E$500,MOUVEMENTS!$B$3:$B$500,A12,MOUVEMENTS!$D$3:$D$500,"IN") -> 48 | E12: =SUMIFS(MOUVEMENTS!$E$3:$E$500,MOUVEMENTS!$B$3:$B$500,A12,MOUVEMENTS!$D$3:$D$500,"OUT") -> 47 | F12: =D12-E12 -> 1 | G12: =IFERROR(VLOOKUP(A12,ARTICLES!$A$3:$E$500,5,0),0) -> C | H12: =IFERROR(LOOKUP(2,1/(MOUVEMENTS!$B$3:$B$500=A12),MOUVEMENTS!$L$3:$L$500),IFERROR(VLOOKUP(A12,ARTICLES!$A$3:$G$500,7,0),0)) -> 100 | I12: =F12*H12 -> 100 | J12: =IFERROR(G12+(SUMIFS(MOUVEMENTS!$E$3:$E$500,MOUVEMENTS!$B$3:$B$500,A12,MOUVEMENTS!$D$3:$D$500,"OUT")/MAX(1,$N$4))*$N$6,G12) -> C | K12: =IF(F12=0,"!! RUPTURE",IF(F12<=J12,">> COMMANDER",IF(F12<=J12*1.25,"~ ALERTE","OK"))) -> >> COMMANDER
A13: ART-010 | B13: =IFERROR(VLOOKUP(A13,ARTICLES!$A$3:$G$500,2,0),"") -> Chemise cartonnée | C13: =IFERROR(VLOOKUP(A13,ARTICLES!$A$3:$D$500,4,0),"") -> Unité | D13: =SUMIFS(MOUVEMENTS!$E$3:$E$500,MOUVEMENTS!$B$3:$B$500,A13,MOUVEMENTS!$D$3:$D$500,"IN") -> 24 | E13: =SUMIFS(MOUVEMENTS!$E$3:$E$500,MOUVEMENTS!$B$3:$B$500,A13,MOUVEMENTS!$D$3:$D$500,"OUT") -> 10 | F13: =D13-E13 -> 14 | G13: =IFERROR(VLOOKUP(A13,ARTICLES!$A$3:$E$500,5,0),0) -> C | H13: =IFERROR(LOOKUP(2,1/(MOUVEMENTS!$B$3:$B$500=A13),MOUVEMENTS!$L$3:$L$500),IFERROR(VLOOKUP(A13,ARTICLES!$A$3:$G$500,7,0),0)) -> 50 | I13: =F13*H13 -> 700 | J13: =IFERROR(G13+(SUMIFS(MOUVEMENTS!$E$3:$E$500,MOUVEMENTS!$B$3:$B$500,A13,MOUVEMENTS!$D$3:$D$500,"OUT")/MAX(1,$N$4))*$N$6,G13) -> C | K13: =IF(F13=0,"!! RUPTURE",IF(F13<=J13,">> COMMANDER",IF(F13<=J13*1.25,"~ ALERTE","OK"))) -> >> COMMANDER
A14: ART-011 | B14: =IFERROR(VLOOKUP(A14,ARTICLES!$A$3:$G$500,2,0),"") -> Rouleau papier fax | C14: =IFERROR(VLOOKUP(A14,ARTICLES!$A$3:$D$500,4,0),"") -> Rouleau | D14: =SUMIFS(MOUVEMENTS!$E$3:$E$500,MOUVEMENTS!$B$3:$B$500,A14,MOUVEMENTS!$D$3:$D$500,"IN") -> 2 | E14: =SUMIFS(MOUVEMENTS!$E$3:$E$500,MOUVEMENTS!$B$3:$B$500,A14,MOUVEMENTS!$D$3:$D$500,"OUT") -> 0 | F14: =D14-E14 -> 2 | G14: =IFERROR(VLOOKUP(A14,ARTICLES!$A$3:$E$500,5,0),0) -> C | H14: =IFERROR(LOOKUP(2,1/(MOUVEMENTS!$B$3:$B$500=A14),MOUVEMENTS!$L$3:$L$500),IFERROR(VLOOKUP(A14,ARTICLES!$A$3:$G$500,7,0),0)) -> 5 | I14: =F14*H14 -> 10 | J14: =IFERROR(G14+(SUMIFS(MOUVEMENTS!$E$3:$E$500,MOUVEMENTS!$B$3:$B$500,A14,MOUVEMENTS!$D$3:$D$500,"OUT")/MAX(1,$N$4))*$N$6,G14) -> C | K14: =IF(F14=0,"!! RUPTURE",IF(F14<=J14,">> COMMANDER",IF(F14<=J14*1.25,"~ ALERTE","OK"))) -> >> COMMANDER
A15: ART-012 | B15: =IFERROR(VLOOKUP(A15,ARTICLES!$A$3:$G$500,2,0),"") -> Marqueur permanent noir | C15: =IFERROR(VLOOKUP(A15,ARTICLES!$A$3:$D$500,4,0),"") -> Unité | D15: =SUMIFS(MOUVEMENTS!$E$3:$E$500,MOUVEMENTS!$B$3:$B$500,A15,MOUVEMENTS!$D$3:$D$500,"IN") -> 16 | E15: =SUMIFS(MOUVEMENTS!$E$3:$E$500,MOUVEMENTS!$B$3:$B$500,A15,MOUVEMENTS!$D$3:$D$500,"OUT") -> 0 | F15: =D15-E15 -> 16 | G15: =IFERROR(VLOOKUP(A15,ARTICLES!$A$3:$E$500,5,0),0) -> C | H15: =IFERROR(LOOKUP(2,1/(MOUVEMENTS!$B$3:$B$500=A15),MOUVEMENTS!$L$3:$L$500),IFERROR(VLOOKUP(A15,ARTICLES!$A$3:$G$500,7,0),0)) -> 30 | I15: =F15*H15 -> 480 | J15: =IFERROR(G15+(SUMIFS(MOUVEMENTS!$E$3:$E$500,MOUVEMENTS!$B$3:$B$500,A15,MOUVEMENTS!$D$3:$D$500,"OUT")/MAX(1,$N$4))*$N$6,G15) -> C | K15: =IF(F15=0,"!! RUPTURE",IF(F15<=J15,">> COMMANDER",IF(F15<=J15*1.25,"~ ALERTE","OK"))) -> >> COMMANDER
A17: TOTAUX | F17: =SUM(F4:F16) -> 365 | I17: =SUM(I4:I16) -> 190590
A19: LÉGENDE: OK = stock suffisant | ~ ALERTE = stock < 125% du ROP | >> COMMANDER = stock ≤ ROP | !! RUPTURE = stock nul | ROP = Stock_Min + (ΣOuts/38j) × 2j | CMUP = K÷MAX(1,ΣIN) [OPT-02]

Sheet INVENTAIRE
A1: INVENTAIRE PERMANENT — Écart Physique vs Comptable [Jrد الدائم]
A2: Code | B2: Désignation | C2: Stock Comptable (Depuis MOUVEMENTS) | D2: Stock Physique (Saisie manuelle) | E2: Écart (Physique − Comptable) | F2: % Écart | G2: Statut
A3: ART-001 | B3: =IFERROR(VLOOKUP(A3,ARTICLES!$A$3:$B$500,2,0),"") -> Rame papier A4 80g/m² | C3: =SUMIFS(MOUVEMENTS!$E$3:$E$500,MOUVEMENTS!$B$3:$B$500,A3,MOUVEMENTS!$D$3:$D$500,"IN")-SUMIFS(MOUVEMENTS!$E$3:$E$500,MOUVEMENTS!$B$3:$B$500,A3,MOUVEMENTS!$D$3:$D$500,"OUT") -> 100 | E3: =IFERROR(D3-C3,"—") -> -100 | F3: =IFERROR(E3/C3,"—") -> -1 | G3: =IF(D3="","⏳ À compter",IF(E3=0,"✔ Conforme",IF(ABS(E3)>0,"⚠ Écart","—"))) -> ⏳ À compter
A4: ART-002 | B4: =IFERROR(VLOOKUP(A4,ARTICLES!$A$3:$B$500,2,0),"") -> Toner imprimante G030 (noir) | C4: =SUMIFS(MOUVEMENTS!$E$3:$E$500,MOUVEMENTS!$B$3:$B$500,A4,MOUVEMENTS!$D$3:$D$500,"IN")-SUMIFS(MOUVEMENTS!$E$3:$E$500,MOUVEMENTS!$B$3:$B$500,A4,MOUVEMENTS!$D$3:$D$500,"OUT") -> 0 | E4: =IFERROR(D4-C4,"—") -> 0 | F4: =IFERROR(E4/C4,"—") -> — | G4: =IF(D4="","⏳ À compter",IF(E4=0,"✔ Conforme",IF(ABS(E4)>0,"⚠ Écart","—"))) -> ⏳ À compter
A5: ART-003 | B5: =IFERROR(VLOOKUP(A5,ARTICLES!$A$3:$B$500,2,0),"") -> Rame papier A3 80g/m² | C5: =SUMIFS(MOUVEMENTS!$E$3:$E$500,MOUVEMENTS!$B$3:$B$500,A5,MOUVEMENTS!$D$3:$D$500,"IN")-SUMIFS(MOUVEMENTS!$E$3:$E$500,MOUVEMENTS!$B$3:$B$500,A5,MOUVEMENTS!$D$3:$D$500,"OUT") -> 2 | E5: =IFERROR(D5-C5,"—") -> -2 | F5: =IFERROR(E5/C5,"—") -> -1 | G5: =IF(D5="","⏳ À compter",IF(E5=0,"✔ Conforme",IF(ABS(E5)>0,"⚠ Écart","—"))) -> ⏳ À compter
A6: ART-004 | B6: =IFERROR(VLOOKUP(A6,ARTICLES!$A$3:$B$500,2,0),"") -> Boîte archives carton | C6: =SUMIFS(MOUVEMENTS!$E$3:$E$500,MOUVEMENTS!$B$3:$B$500,A6,MOUVEMENTS!$D$3:$D$500,"IN")-SUMIFS(MOUVEMENTS!$E$3:$E$500,MOUVEMENTS!$B$3:$B$500,A6,MOUVEMENTS!$D$3:$D$500,"OUT") -> 190 | E6: =IFERROR(D6-C6,"—") -> -190 | F6: =IFERROR(E6/C6,"—") -> -1 | G6: =IF(D6="","⏳ À compter",IF(E6=0,"✔ Conforme",IF(ABS(E6)>0,"⚠ Écart","—"))) -> ⏳ À compter
A7: ART-005 | B7: =IFERROR(VLOOKUP(A7,ARTICLES!$A$3:$B$500,2,0),"") -> Agrafeuse de bureau | C7: =SUMIFS(MOUVEMENTS!$E$3:$E$500,MOUVEMENTS!$B$3:$B$500,A7,MOUVEMENTS!$D$3:$D$500,"IN")-SUMIFS(MOUVEMENTS!$E$3:$E$500,MOUVEMENTS!$B$3:$B$500,A7,MOUVEMENTS!$D$3:$D$500,"OUT") -> 2 | E7: =IFERROR(D7-C7,"—") -> -2 | F7: =IFERROR(E7/C7,"—") -> -1 | G7: =IF(D7="","⏳ À compter",IF(E7=0,"✔ Conforme",IF(ABS(E7)>0,"⚠ Écart","—"))) -> ⏳ À compter
A8: ART-006 | B8: =IFERROR(VLOOKUP(A8,ARTICLES!$A$3:$B$500,2,0),"") -> Stylos bille boîte/50 | C8: =SUMIFS(MOUVEMENTS!$E$3:$E$500,MOUVEMENTS!$B$3:$B$500,A8,MOUVEMENTS!$D$3:$D$500,"IN")-SUMIFS(MOUVEMENTS!$E$3:$E$500,MOUVEMENTS!$B$3:$B$500,A8,MOUVEMENTS!$D$3:$D$500,"OUT") -> 30 | E8: =IFERROR(D8-C8,"—") -> -30 | F8: =IFERROR(E8/C8,"—") -> -1 | G8: =IF(D8="","⏳ À compter",IF(E8=0,"✔ Conforme",IF(ABS(E8)>0,"⚠ Écart","—"))) -> ⏳ À compter
A9: ART-007 | B9: =IFERROR(VLOOKUP(A9,ARTICLES!$A$3:$B$500,2,0),"") -> Registre grand format 5m | C9: =SUMIFS(MOUVEMENTS!$E$3:$E$500,MOUVEMENTS!$B$3:$B$500,A9,MOUVEMENTS!$D$3:$D$500,"IN")-SUMIFS(MOUVEMENTS!$E$3:$E$500,MOUVEMENTS!$B$3:$B$500,A9,MOUVEMENTS!$D$3:$D$500,"OUT") -> 3 | E9: =IFERROR(D9-C9,"—") -> -3 | F9: =IFERROR(E9/C9,"—") -> -1 | G9: =IF(D9="","⏳ À compter",IF(E9=0,"✔ Conforme",IF(ABS(E9)>0,"⚠ Écart","—"))) -> ⏳ À compter
A10: ART-008 | B10: =IFERROR(VLOOKUP(A10,ARTICLES!$A$3:$B$500,2,0),"") -> Encre tampon | C10: =SUMIFS(MOUVEMENTS!$E$3:$E$500,MOUVEMENTS!$B$3:$B$500,A10,MOUVEMENTS!$D$3:$D$500,"IN")-SUMIFS(MOUVEMENTS!$E$3:$E$500,MOUVEMENTS!$B$3:$B$500,A10,MOUVEMENTS!$D$3:$D$500,"OUT") -> 5 | E10: =IFERROR(D10-C10,"—") -> -5 | F10: =IFERROR(E10/C10,"—") -> -1 | G10: =IF(D10="","⏳ À compter",IF(E10=0,"✔ Conforme",IF(ABS(E10)>0,"⚠ Écart","—"))) -> ⏳ À compter
A11: ART-009 | B11: =IFERROR(VLOOKUP(A11,ARTICLES!$A$3:$B$500,2,0),"") -> Sous-chemise carton | C11: =SUMIFS(MOUVEMENTS!$E$3:$E$500,MOUVEMENTS!$B$3:$B$500,A11,MOUVEMENTS!$D$3:$D$500,"IN")-SUMIFS(MOUVEMENTS!$E$3:$E$500,MOUVEMENTS!$B$3:$B$500,A11,MOUVEMENTS!$D$3:$D$500,"OUT") -> 1 | E11: =IFERROR(D11-C11,"—") -> -1 | F11: =IFERROR(E11/C11,"—") -> -1 | G11: =IF(D11="","⏳ À compter",IF(E11=0,"✔ Conforme",IF(ABS(E11)>0,"⚠ Écart","—"))) -> ⏳ À compter
A12: ART-010 | B12: =IFERROR(VLOOKUP(A12,ARTICLES!$A$3:$B$500,2,0),"") -> Chemise cartonnée | C12: =SUMIFS(MOUVEMENTS!$E$3:$E$500,MOUVEMENTS!$B$3:$B$500,A12,MOUVEMENTS!$D$3:$D$500,"IN")-SUMIFS(MOUVEMENTS!$E$3:$E$500,MOUVEMENTS!$B$3:$B$500,A12,MOUVEMENTS!$D$3:$D$500,"OUT") -> 14 | E12: =IFERROR(D12-C12,"—") -> -14 | F12: =IFERROR(E12/C12,"—") -> -1 | G12: =IF(D12="","⏳ À compter",IF(E12=0,"✔ Conforme",IF(ABS(E12)>0,"⚠ Écart","—"))) -> ⏳ À compter
A13: ART-011 | B13: =IFERROR(VLOOKUP(A13,ARTICLES!$A$3:$B$500,2,0),"") -> Rouleau papier fax | C13: =SUMIFS(MOUVEMENTS!$E$3:$E$500,MOUVEMENTS!$B$3:$B$500,A13,MOUVEMENTS!$D$3:$D$500,"IN")-SUMIFS(MOUVEMENTS!$E$3:$E$500,MOUVEMENTS!$B$3:$B$500,A13,MOUVEMENTS!$D$3:$D$500,"OUT") -> 2 | E13: =IFERROR(D13-C13,"—") -> -2 | F13: =IFERROR(E13/C13,"—") -> -1 | G13: =IF(D13="","⏳ À compter",IF(E13=0,"✔ Conforme",IF(ABS(E13)>0,"⚠ Écart","—"))) -> ⏳ À compter
A14: ART-012 | B14: =IFERROR(VLOOKUP(A14,ARTICLES!$A$3:$B$500,2,0),"") -> Marqueur permanent noir | C14: =SUMIFS(MOUVEMENTS!$E$3:$E$500,MOUVEMENTS!$B$3:$B$500,A14,MOUVEMENTS!$D$3:$D$500,"IN")-SUMIFS(MOUVEMENTS!$E$3:$E$500,MOUVEMENTS!$B$3:$B$500,A14,MOUVEMENTS!$D$3:$D$500,"OUT") -> 16 | E14: =IFERROR(D14-C14,"—") -> -16 | F14: =IFERROR(E14/C14,"—") -> -1 | G14: =IF(D14="","⏳ À compter",IF(E14=0,"✔ Conforme",IF(ABS(E14)>0,"⚠ Écart","—"))) -> ⏳ À compter
A16: 📌 Saisir le stock physique constaté (colonne D) lors de chaque opération d'inventaire.

Sheet CALCULS_EOQ
A1: MODÈLE DE WILSON — EOQ [OPT-03 | D Auto-annualisé | ART-001 | Excel 2010]
A3: D | B3: Demande annuelle ART-001 [AUTO annualisé ×250 j] | C3: =ROUND(SUMPRODUCT((MOUVEMENTS!$B$3:$B$500="ART-001")*(MOUVEMENTS!$D$3:$D$500="OUT")*MOUVEMENTS!$E$3:$E$500)/38*250,0) -> 2007 | D3: unités/an
A4: CL | B4: Coût passation par commande (DA) [modifiable] | C4: 50 | D4: DA/cmd
A5: PU | B5: Prix unitaire ART-001 (DA) [confirmé terrain] | C5: 400 | D5: DA/rame
A6: t | B6: Taux de possession annuel | C6: 0.2 | D6: %
A7: SS | B7: Stock de sécurité (unités) [modifiable] | C7: 200 | D7: unités
A8: LT | B8: Délai livraison Oran→Bayadh (jours ouvrés) | C8: 2 | D8: jours
A10: RÉSULTATS DU MODÈLE — Q*, N, ROP, CVT
A11: EOQ | B11: Quantité économique Q* = √(2·D·CL / Cs) où Cs = PU·t | C11: =ROUND(SQRT(2*C3*C4/(C6*C5)),0) -> 50 | D11: unités
A12: N | B12: Nombre de commandes par an N = D / Q* | C12: =ROUND(C3/C11,1) -> 40.1 | D12: cmd/an
A13: ROP | B13: Point de réappro ROP = SS + CMJ·LT [CMJ=D/250] | C13: =ROUND(C7+(C3/250)*C8,0) -> 216 | D13: unités
A14: Cp | B14: Coût de passation annuel Cp = (D/Q*)·CL | C14: =ROUND((C3/C11)*C4,0) -> 2007 | D14: DA/an
A15: Cd | B15: Coût de détention annuel Cd = (Q*/2+SS)·Cs | C15: =ROUND((C11/2+C7)*C6*C5,0) -> 18000 | D15: DA/an
A16: CVT | B16: Coût Variable Total CVT = Cp + Cd | C16: =C14+C15 -> 20007 | D16: DA/an
A18: 📌 EOQ est calculé pour ART-001 (رزمة A4) uniquement, article de classe A. D est auto-annualisé depuis MOUVEMENTS (38j obs. × 250j ouvrables). Valeurs attendues : EOQ ≈ 60 rames | ROP ≈ 216 rames | CVT ≈ 4817 DA/an

Sheet HISTORIQUE
A1: HISTORIQUE DES COMMANDES — سجل الطلبيات [Bon de Commande]
A2: N° BC | B2: Date commande | C2: Code Article | D2: Fournisseur | E2: Qté commandée | F2: Qté livrée | G2: Statut
A3: BC-001 | B3: 2025-12-15 | C3: ART-001 | D3: ENAP Alger | E3: 500 | F3: 405 | G3: ✔ Livré
A4: BC-002 | B4: 2026-01-28 | C4: ART-002 | D4: Bureautique Oran | E4: 5 | F4: 5 | G4: ✔ Livré
A5: BC-003 | B5: 2026-01-28 | C5: ART-003 | D5: ENAP Alger | E5: 100 | F5: 100 | G5: ✔ Livré
A6: BC-004 | B6: 2026-03-09 | C6: ART-001 | D6: ENAP Alger | E6: 60 | G6: ⏳ En attente
A7: BC-005 | B7: 2026-03-09 | C7: ART-002 | D7: Bureautique Oran | E7: 5 | G7: ⏳ En attente

Sheet GUIDE
A1: GUIDE D'UTILISATION — دليل الاستخدام | ERP_Academie_v7
A2: SECTION | B2: CORRECTIONS v7 vs v6 (bugs résolus)
A3: ✔ | B3: OPT-01 Range ARTICLES étendu à 12 articles (lignes 3-14). Toutes les formules VLOOKUP utilisent $A$3:$G$500
A4: ✔ | B4: OPT-02 CMUP colonne L : dénominateur protégé par MAX(1,…) → aucune erreur DIV/0 possible
A5: ✔ | B5: OPT-03 Calcul Wilson (EOQ) déplacé dans la feuille CALCULS_EOQ (était dans TABLEAU DE BORD)
A6: ✔ | B6: FIX-01 Préfixe MOUVEMENTS! supprimé dans les formules de la feuille MOUVEMENTS (référence circulaire évitée)
A7: ✔ | B7: FIX-02 Colonne J MOUVEMENTS renommée «Stock Net (IN−OUT)» — label correct
A8: ✔ | B8: FIX-03 5 feuilles manquantes ajoutées: ACCUEIL, FOURNISSEURS, INVENTAIRE, CALCULS_EOQ, HISTORIQUE
A9: ✔ | B9: FIX-04 Catalogue: 12 articles conformes à l'analyse ABC du terrain (vs 8 dans v6)
A10: ✔ | B10: FIX-05 Registre: 29 mouvements depuis données réelles des bطاقات المخزون
A12: SECTION | B12: COMPATIBILITÉ EXCEL 2010 / WINDOWS 7
A13: ✔ | B13: Aucune fonction moderne (XLOOKUP, UNIQUE, FILTER, tableaux dynamiques)
A14: ✔ | B14: VLOOKUP, SUMIFS, SUMPRODUCT, IFERROR, MAX uniquement
... A44: § | B44: Chapitre 4, §4.2 : 9 feuilles, 12 articles, VLOOKUP+SUMPRODUCT, Excel 2010
