Workbook

Sheet ARTICLES
A1: CATALOGUE DES ARTICLES — MAGASIN ACADEMIE EL BAYADH
A2: Code Article | B2: Designation | C2: Unite | D2: Classe ABC | E2: Stock Min | F2: Stock Max | G2: Prix Unitaire (DA) | H2: Fournisseur | I2: Emplacement
A3: ART-001 | B3: Rame papier A4 80g | C3: Rame | D3: C | E3: 400 | F3: 1500 | G3: 180 | H3: Papeterie ENAP Alger | I3: Rayon A-E1
A4: ART-002 | B4: Toner laser noir HP | C4: Unite | D4: A | E4: 5 | F4: 30 | G4: 3500 | H4: Bureautique Center Oran | I4: Rayon B-E2
A5: ART-003 | B5: Cartouche encre couleur Canon | C5: Unite | D5: A | E5: 4 | F5: 20 | G5: 2200 | H5: Bureautique Center Oran | I5: Rayon B-E2
A6: ART-004 | B6: Stylo bille bleu boite 50 | C6: Boite | D6: C | E6: 2 | F6: 15 | G6: 450 | H6: Papeterie ENAP Alger | I6: Rayon A-E1
A7: ART-005 | B7: Cahier grand format 192p | C7: Unite | D7: B | E7: 50 | F7: 300 | G7: 85 | H7: Papeterie ENAP Alger | I7: Rayon A-E2
A8: ART-006 | B8: Agrafeuse de bureau | C8: Unite | D8: C | E8: 2 | F8: 10 | G8: 650 | H8: Bureau Plus Alger | I8: Rayon C-E1
A9: ART-007 | B9: Rame papier A3 80g | C9: Rame | D9: B | E9: 50 | F9: 300 | G9: 320 | H9: Papeterie ENAP Alger | I9: Rayon A-E3
A10: ART-008 | B10: Marqueur permanent noir | C10: Unite | D10: C | E10: 10 | F10: 60 | G10: 85 | H10: Papeterie ENAP Alger | I10: Rayon A-E1
A12: Classe A = articles strategiques (forte valeur) — controle mensuel
A13: Classe B = articles intermediaires — controle trimestriel
A14: Classe C = articles courants (faible valeur) — controle semestriel

Sheet MOUVEMENTS
A1: REGISTRE DES MOUVEMENTS — ENTREES / SORTIES
A2: Date | B2: Code Article | C2: Designation (auto) | D2: Type IN/OUT | E2: Quantite | F2: Prix Unitaire (DA) | G2: Valeur (DA) | H2: Reference Doc
A3: 46054 | B3: ART-001 | C3: =IFERROR(VLOOKUP(B3,ARTICLES!A:B,2,FALSE),"") | D3: IN | E3: 1000 | F3: 180 | G3: =IF(OR(E3="",F3=""),"",E3*F3) | H3: BR-001
A4: 46054 | B4: ART-002 | C4: =IFERROR(VLOOKUP(B4,ARTICLES!A:B,2,FALSE),"") | D4: IN | E4: 10 | F4: 3500 | G4: =IF(OR(E4="",F4=""),"",E4*F4) | H4: BR-001
A5: 46054 | B5: ART-003 | C5: =IFERROR(VLOOKUP(B5,ARTICLES!A:B,2,FALSE),"") | D5: IN | E5: 8 | F5: 2200 | G5: =IF(OR(E5="",F5=""),"",E5*F5) | H5: BR-001
A6: 46058 | B6: ART-001 | C6: =IFERROR(VLOOKUP(B6,ARTICLES!A:B,2,FALSE),"") | D6: OUT | E6: 50 | F6: 180 | G6: =IF(OR(E6="",F6=""),"",E6*F6) | H6: BS-001
A7: 46061 | B7: ART-005 | C7: =IFERROR(VLOOKUP(B7,ARTICLES!A:B,2,FALSE),"") | D7: IN | E7: 200 | F7: 85 | G7: =IF(OR(E7="",F7=""),"",E7*F7) | H7: BR-002
A8: 46063 | B8: ART-001 | C8: =IFERROR(VLOOKUP(B8,ARTICLES!A:B,2,FALSE),"") | D8: OUT | E8: 100 | F8: 180 | G8: =IF(OR(E8="",F8=""),"",E8*F8) | H8: BS-002
A9: 46068 | B9: ART-002 | C9: =IFERROR(VLOOKUP(B9,ARTICLES!A:B,2,FALSE),"") | D9: OUT | E9: 2 | F9: 3500 | G9: =IF(OR(E9="",F9=""),"",E9*F9) | H9: BS-003
A10: 46082 | B10: ART-001 | C10: =IFERROR(VLOOKUP(B10,ARTICLES!A:B,2,FALSE),"") | D10: IN | E10: 500 | F10: 180 | G10: =IF(OR(E10="",F10=""),"",E10*F10) | H10: BR-004
A11: 46086 | B11: ART-001 | C11: =IFERROR(VLOOKUP(B11,ARTICLES!A:B,2,FALSE),"") | D11: OUT | E11: 80 | F11: 180 | G11: =IF(OR(E11="",F11=""),"",E11*F11) | H11: BS-005
A12: 46091 | B12: ART-003 | C12: =IFERROR(VLOOKUP(B12,ARTICLES!A:B,2,FALSE),"") | D12: OUT | E12: 3 | F12: 2200 | G12: =IF(OR(E12="",F12=""),"",E12*F12) | H12: BS-006
C13: =IFERROR(VLOOKUP(B13,ARTICLES!A:B,2,FALSE),"") | G13: =IF(OR(E13="",F13=""),"",E13*F13)
C14: =IFERROR(VLOOKUP(B14,ARTICLES!A:B,2,FALSE),"") | G14: =IF(OR(E14="",F14=""),"",E14*F14)
C15: =IFERROR(VLOOKUP(B15,ARTICLES!A:B,2,FALSE),"") | G15: =IF(OR(E15="",F15=""),"",E15*F15)
C16: =IFERROR(VLOOKUP(B16,ARTICLES!A:B,2,FALSE),"") | G16: =IF(OR(E16="",F16=""),"",E16*F16)
C17: =IFERROR(VLOOKUP(B17,ARTICLES!A:B,2,FALSE),"") | G17: =IF(OR(E17="",F17=""),"",E17*F17)
C18: =IFERROR(VLOOKUP(B18,ARTICLES!A:B,2,FALSE),"") | G18: =IF(OR(E18="",F18=""),"",E18*F18)
C19: =IFERROR(VLOOKUP(B19,ARTICLES!A:B,2,FALSE),"") | G19: =IF(OR(E19="",F19=""),"",E19*F19)
C20: =IFERROR(VLOOKUP(B20,ARTICLES!A:B,2,FALSE),"") | G20: =IF(OR(E20="",F20=""),"",E20*F20)
C21: =IFERROR(VLOOKUP(B21,ARTICLES!A:B,2,FALSE),"") | G21: =IF(OR(E21="",F21=""),"",E21*F21)
C22: =IFERROR(VLOOKUP(B22,ARTICLES!A:B,2,FALSE),"") | G22: =IF(OR(E22="",F22=""),"",E22*F22)
C23: =IFERROR(VLOOKUP(B23,ARTICLES!A:B,2,FALSE),"") | G23: =IF(OR(E23="",F23=""),"",E23*F23)
C24: =IFERROR(VLOOKUP(B24,ARTICLES!A:B,2,FALSE),"") | G24: =IF(OR(E24="",F24=""),"",E24*F24)
... C62: =IFERROR(VLOOKUP(B62,ARTICLES!A:B,2,FALSE),"") | G62: =IF(OR(E62="",F62=""),"",E62*F62)
A64: COMMENT SAISIR : Remplissez colonnes A (Date) + B (Code, menu deroulant) + D (IN ou OUT) + E (Quantite) + F (Prix unitaire) + H (N° bon). Colonnes C et G sont automatiques.

Sheet TABLEAU DE BORD
A1: TABLEAU DE BORD — ETAT DU STOCK + CALCUL WILSON (EOQ)
A2: SECTION 1 — STOCK EN TEMPS REEL PAR ARTICLE
A3: Code | B3: Designation | C3: ABC | D3: Total IN | E3: Total OUT | F3: STOCK ACTUEL | G3: Stock Min | H3: CMUP (DA) | I3: Valeur (DA) | J3: ROP | K3: STATUT
A4: ART-001 | B4: =IFERROR(VLOOKUP(A4,ARTICLES!A:B,2,FALSE),"") | C4: =IFERROR(VLOOKUP(A4,ARTICLES!A:D,4,FALSE),"") | D4: =SUMIFS(MOUVEMENTS!E:E,MOUVEMENTS!B:B,A4,MOUVEMENTS!D:D,"IN") | E4: =SUMIFS(MOUVEMENTS!E:E,MOUVEMENTS!B:B,A4,MOUVEMENTS!D:D,"OUT") | F4: =D4-E4 | G4: =IFERROR(VLOOKUP(A4,ARTICLES!A:E,5,FALSE),"") | H4: =IFERROR(SUMPRODUCT((MOUVEMENTS!B$3:B$200=A4)*(MOUVEMENTS!D$3:D$200="IN")*MOUVEMENTS!E$3:E$200*MOUVEMENTS!F$3:F$200)/D4,IFERROR(VLOOKUP(A4,ARTICLES!A:G,7,FALSE),0)) | I4: =F4*H4 | J4: =IFERROR(G4+ROUND((E4/MAX(1,TODAY()-DATE(2026,2,1)))*2,0),G4) | K4: =IF(F4<=0,"!! RUPTURE",IF(F4<=J4,">> COMMANDER",IF(F4<=G4,"~ ALERTE","OK")))
A5: ART-002 | B5: =IFERROR(VLOOKUP(A5,ARTICLES!A:B,2,FALSE),"") | C5: =IFERROR(VLOOKUP(A5,ARTICLES!A:D,4,FALSE),"") | D5: =SUMIFS(MOUVEMENTS!E:E,MOUVEMENTS!B:B,A5,MOUVEMENTS!D:D,"IN") | E5: =SUMIFS(MOUVEMENTS!E:E,MOUVEMENTS!B:B,A5,MOUVEMENTS!D:D,"OUT") | F5: =D5-E5 | G5: =IFERROR(VLOOKUP(A5,ARTICLES!A:E,5,FALSE),"") | H5: =IFERROR(SUMPRODUCT((MOUVEMENTS!B$3:B$200=A5)*(MOUVEMENTS!D$3:D$200="IN")*MOUVEMENTS!E$3:E$200*MOUVEMENTS!F$3:F$200)/D5,IFERROR(VLOOKUP(A5,ARTICLES!A:G,7,FALSE),0)) | I5: =F5*H5 | J5: =IFERROR(G5+ROUND((E5/MAX(1,TODAY()-DATE(2026,2,1)))*2,0),G5) | K5: =IF(F5<=0,"!! RUPTURE",IF(F5<=J5,">> COMMANDER",IF(F5<=G5,"~ ALERTE","OK")))
A6: ART-003 | B6: =IFERROR(VLOOKUP(A6,ARTICLES!A:B,2,FALSE),"") | C6: =IFERROR(VLOOKUP(A6,ARTICLES!A:D,4,FALSE),"") | D6: =SUMIFS(MOUVEMENTS!E:E,MOUVEMENTS!B:B,A6,MOUVEMENTS!D:D,"IN") | E6: =SUMIFS(MOUVEMENTS!E:E,MOUVEMENTS!B:B,A6,MOUVEMENTS!D:D,"OUT") | F6: =D6-E6 | G6: =IFERROR(VLOOKUP(A6,ARTICLES!A:E,5,FALSE),"") | H6: =IFERROR(SUMPRODUCT((MOUVEMENTS!B$3:B$200=A6)*(MOUVEMENTS!D$3:D$200="IN")*MOUVEMENTS!E$3:E$200*MOUVEMENTS!F$3:F$200)/D6,IFERROR(VLOOKUP(A6,ARTICLES!A:G,7,FALSE),0)) | I6: =F6*H6 | J6: =IFERROR(G6+ROUND((E6/MAX(1,TODAY()-DATE(2026,2,1)))*2,0),G6) | K6: =IF(F6<=0,"!! RUPTURE",IF(F6<=J6,">> COMMANDER",IF(F6<=G6,"~ ALERTE","OK")))
A7: ART-004 | B7: =IFERROR(VLOOKUP(A7,ARTICLES!A:B,2,FALSE),"") | C7: =IFERROR(VLOOKUP(A7,ARTICLES!A:D,4,FALSE),"") | D7: =SUMIFS(MOUVEMENTS!E:E,MOUVEMENTS!B:B,A7,MOUVEMENTS!D:D,"IN") | E7: =SUMIFS(MOUVEMENTS!E:E,MOUVEMENTS!B:B,A7,MOUVEMENTS!D:D,"OUT") | F7: =D7-E7 | G7: =IFERROR(VLOOKUP(A7,ARTICLES!A:E,5,FALSE),"") | H7: =IFERROR(SUMPRODUCT((MOUVEMENTS!B$3:B$200=A7)*(MOUVEMENTS!D$3:D$200="IN")*MOUVEMENTS!E$3:E$200*MOUVEMENTS!F$3:F$200)/D7,IFERROR(VLOOKUP(A7,ARTICLES!A:G,7,FALSE),0)) | I7: =F7*H7 | J7: =IFERROR(G7+ROUND((E7/MAX(1,TODAY()-DATE(2026,2,1)))*2,0),G7) | K7: =IF(F7<=0,"!! RUPTURE",IF(F7<=J7,">> COMMANDER",IF(F7<=G7,"~ ALERTE","OK")))
A8: ART-005 | B8: =IFERROR(VLOOKUP(A8,ARTICLES!A:B,2,FALSE),"") | C8: =IFERROR(VLOOKUP(A8,ARTICLES!A:D,4,FALSE),"") | D8: =SUMIFS(MOUVEMENTS!E:E,MOUVEMENTS!B:B,A8,MOUVEMENTS!D:D,"IN") | E8: =SUMIFS(MOUVEMENTS!E:E,MOUVEMENTS!B:B,A8,MOUVEMENTS!D:D,"OUT") | F8: =D8-E8 | G8: =IFERROR(VLOOKUP(A8,ARTICLES!A:E,5,FALSE),"") | H8: =IFERROR(SUMPRODUCT((MOUVEMENTS!B$3:B$200=A8)*(MOUVEMENTS!D$3:D$200="IN")*MOUVEMENTS!E$3:E$200*MOUVEMENTS!F$3:F$200)/D8,IFERROR(VLOOKUP(A8,ARTICLES!A:G,7,FALSE),0)) | I8: =F8*H8 | J8: =IFERROR(G8+ROUND((E8/MAX(1,TODAY()-DATE(2026,2,1)))*2,0),G8) | K8: =IF(F8<=0,"!! RUPTURE",IF(F8<=J8,">> COMMANDER",IF(F8<=G8,"~ ALERTE","OK")))
A9: ART-006 | B9: =IFERROR(VLOOKUP(A9,ARTICLES!A:B,2,FALSE),"") | C9: =IFERROR(VLOOKUP(A9,ARTICLES!A:D,4,FALSE),"") | D9: =SUMIFS(MOUVEMENTS!E:E,MOUVEMENTS!B:B,A9,MOUVEMENTS!D:D,"IN") | E9: =SUMIFS(MOUVEMENTS!E:E,MOUVEMENTS!B:B,A9,MOUVEMENTS!D:D,"OUT") | F9: =D9-E9 | G9: =IFERROR(VLOOKUP(A9,ARTICLES!A:E,5,FALSE),"") | H9: =IFERROR(SUMPRODUCT((MOUVEMENTS!B$3:B$200=A9)*(MOUVEMENTS!D$3:D$200="IN")*MOUVEMENTS!E$3:E$200*MOUVEMENTS!F$3:F$200)/D9,IFERROR(VLOOKUP(A9,ARTICLES!A:G,7,FALSE),0)) | I9: =F9*H9 | J9: =IFERROR(G9+ROUND((E9/MAX(1,TODAY()-DATE(2026,2,1)))*2,0),G9) | K9: =IF(F9<=0,"!! RUPTURE",IF(F9<=J9,">> COMMANDER",IF(F9<=G9,"~ ALERTE","OK")))
A10: ART-007 | B10: =IFERROR(VLOOKUP(A10,ARTICLES!A:B,2,FALSE),"") | C10: =IFERROR(VLOOKUP(A10,ARTICLES!A:D,4,FALSE),"") | D10: =SUMIFS(MOUVEMENTS!E:E,MOUVEMENTS!B:B,A10,MOUVEMENTS!D:D,"IN") | E10: =SUMIFS(MOUVEMENTS!E:E,MOUVEMENTS!B:B,A10,MOUVEMENTS!D:D,"OUT") | F10: =D10-E10 | G10: =IFERROR(VLOOKUP(A10,ARTICLES!A:E,5,FALSE),"") | H10: =IFERROR(SUMPRODUCT((MOUVEMENTS!B$3:B$200=A10)*(MOUVEMENTS!D$3:D$200="IN")*MOUVEMENTS!E$3:E$200*MOUVEMENTS!F$3:F$200)/D10,IFERROR(VLOOKUP(A10,ARTICLES!A:G,7,FALSE),0)) | I10: =F10*H10 | J10: =IFERROR(G10+ROUND((E10/MAX(1,TODAY()-DATE(2026,2,1)))*2,0),G10) | K10: =IF(F10<=0,"!! RUPTURE",IF(F10<=J10,">> COMMANDER",IF(F10<=G10,"~ ALERTE","OK")))
A11: ART-008 | B11: =IFERROR(VLOOKUP(A11,ARTICLES!A:B,2,FALSE),"") | C11: =IFERROR(VLOOKUP(A11,ARTICLES!A:D,4,FALSE),"") | D11: =SUMIFS(MOUVEMENTS!E:E,MOUVEMENTS!B:B,A11,MOUVEMENTS!D:D,"IN") | E11: =SUMIFS(MOUVEMENTS!E:E,MOUVEMENTS!B:B,A11,MOUVEMENTS!D:D,"OUT") | F11: =D11-E11 | G11: =IFERROR(VLOOKUP(A11,ARTICLES!A:E,5,FALSE),"") | H11: =IFERROR(SUMPRODUCT((MOUVEMENTS!B$3:B$200=A11)*(MOUVEMENTS!D$3:D$200="IN")*MOUVEMENTS!E$3:E$200*MOUVEMENTS!F$3:F$200)/D11,IFERROR(VLOOKUP(A11,ARTICLES!A:G,7,FALSE),0)) | I11: =F11*H11 | J11: =IFERROR(G11+ROUND((E11/MAX(1,TODAY()-DATE(2026,2,1)))*2,0),G11) | K11: =IF(F11<=0,"!! RUPTURE",IF(F11<=J11,">> COMMANDER",IF(F11<=G11,"~ ALERTE","OK")))
A14: SECTION 2 — FORMULE DE WILSON — QUANTITE ECONOMIQUE DE COMMANDE (EOQ)
A15: D — Demande annuelle (unites/an) | D15: 10000
A16: CL — Cout de passation (DA par commande) | D16: 50
A17: PU — Prix unitaire moyen (DA) | D17: 180
A18: t — Taux de possession annuel (ex: 0.20 = 20%) | D18: 0.2
A19: SS — Stock de securite (unites) | D19: 200
A20: LT — Lead Time / Delai livraison (jours) | D20: 2
A22: EOQ — Quantite economique de commande (unites) | F22: =ROUND(SQRT(2*D15*D16/(D18*D17)),0) | G22: unites
A23: N — Nombre de commandes par an | F23: =IFERROR(ROUND(D15/F22,1),"") | G23: cmd/an
A24: ROP — Point de reappro = SS + conso * LT | F24: =ROUND((D15/365)*D20+D19,0) | G24: DA
A25: Cp — Cout annuel de passation | F25: =IFERROR(ROUND((D15/F22)*D16,0),"") | G25: DA
A26: Cd — Cout annuel de detention | F26: =IFERROR(ROUND((F22/2+D19)*D18*D17,0),"") | G26: DA
A27: CVT — Cout Variable Total (Cp + Cd) | F27: =IFERROR(F25+F26,"") | G27: DA
A30: LEGENDE : OK = suffisant | ~ ALERTE = proche seuil | >> COMMANDER = sous ROP (passez commande) | !! RUPTURE = epuise
