Workbook

Sheet ITEMS_MASTER
A1: Code Article | B1: Nom Article | C1: Catégorie | D1: Unité | E1: Stock Minimum | F1: Fournisseur | G1: Emplacement

Sheet STOCK_MOVEMENTS
A1: Date | B1: Code Article | C1: Nom Article | D1: Type Mouvement | E1: Quantité | F1: Prix Unitaire | G1: Valeur Totale | H1: Référence | I1: Opérateur
C2: =IFERROR(VLOOKUP(B2,ITEMS_MASTER!A:B,2,FALSE),"") | G2: =E2*F2
C3: =IFERROR(VLOOKUP(B3,ITEMS_MASTER!A:B,2,FALSE),"") | G3: =E3*F3
C4: =IFERROR(VLOOKUP(B4,ITEMS_MASTER!A:B,2,FALSE),"") | G4: =E4*F4
C5: =IFERROR(VLOOKUP(B5,ITEMS_MASTER!A:B,2,FALSE),"") | G5: =E5*F5
C6: =IFERROR(VLOOKUP(B6,ITEMS_MASTER!A:B,2,FALSE),"") | G6: =E6*F6
C7: =IFERROR(VLOOKUP(B7,ITEMS_MASTER!A:B,2,FALSE),"") | G7: =E7*F7
C8: =IFERROR(VLOOKUP(B8,ITEMS_MASTER!A:B,2,FALSE),"") | G8: =E8*F8
C9: =IFERROR(VLOOKUP(B9,ITEMS_MASTER!A:B,2,FALSE),"") | G9: =E9*F9
C10: =IFERROR(VLOOKUP(B10,ITEMS_MASTER!A:B,2,FALSE),"") | G10: =E10*F10
C11: =IFERROR(VLOOKUP(B11,ITEMS_MASTER!A:B,2,FALSE),"") | G11: =E11*F11
C12: =IFERROR(VLOOKUP(B12,ITEMS_MASTER!A:B,2,FALSE),"") | G12: =E12*F12
C13: =IFERROR(VLOOKUP(B13,ITEMS_MASTER!A:B,2,FALSE),"") | G13: =E13*F13
... C199: =IFERROR(VLOOKUP(B199,ITEMS_MASTER!A:B,2,FALSE),"") | G199: =E199*F199

Sheet DASHBOARD
A1: Code Article | B1: Nom Article | C1: Total Entrées | D1: Total Sorties | E1: Stock Actuel | F1: Stock Minimum | G1: Statut
B2: =IFERROR(VLOOKUP(A2,ITEMS_MASTER!A:B,2,FALSE),"") | C2: =SUMIFS(STOCK_MOVEMENTS!E:E,STOCK_MOVEMENTS!B:B,A2,STOCK_MOVEMENTS!D:D,"IN") | D2: =SUMIFS(STOCK_MOVEMENTS!E:E,STOCK_MOVEMENTS!B:B,A2,STOCK_MOVEMENTS!D:D,"OUT") | E2: =C2-D2 | F2: =IFERROR(VLOOKUP(A2,ITEMS_MASTER!A:E,5,FALSE),"") | G2: =IF(E2=0,"RUPTURE",IF(E2<=F2,"ALERTE","OK"))
B3: =IFERROR(VLOOKUP(A3,ITEMS_MASTER!A:B,2,FALSE),"") | C3: =SUMIFS(STOCK_MOVEMENTS!E:E,STOCK_MOVEMENTS!B:B,A3,STOCK_MOVEMENTS!D:D,"IN") | D3: =SUMIFS(STOCK_MOVEMENTS!E:E,STOCK_MOVEMENTS!B:B,A3,STOCK_MOVEMENTS!D:D,"OUT") | E3: =C3-D3 | F3: =IFERROR(VLOOKUP(A3,ITEMS_MASTER!A:E,5,FALSE),"") | G3: =IF(E3=0,"RUPTURE",IF(E3<=F3,"ALERTE","OK"))
B4: =IFERROR(VLOOKUP(A4,ITEMS_MASTER!A:B,2,FALSE),"") | C4: =SUMIFS(STOCK_MOVEMENTS!E:E,STOCK_MOVEMENTS!B:B,A4,STOCK_MOVEMENTS!D:D,"IN") | D4: =SUMIFS(STOCK_MOVEMENTS!E:E,STOCK_MOVEMENTS!B:B,A4,STOCK_MOVEMENTS!D:D,"OUT") | E4: =C4-D4 | F4: =IFERROR(VLOOKUP(A4,ITEMS_MASTER!A:E,5,FALSE),"") | G4: =IF(E4=0,"RUPTURE",IF(E4<=F4,"ALERTE","OK"))
B5: =IFERROR(VLOOKUP(A5,ITEMS_MASTER!A:B,2,FALSE),"") | C5: =SUMIFS(STOCK_MOVEMENTS!E:E,STOCK_MOVEMENTS!B:B,A5,STOCK_MOVEMENTS!D:D,"IN") | D5: =SUMIFS(STOCK_MOVEMENTS!E:E,STOCK_MOVEMENTS!B:B,A5,STOCK_MOVEMENTS!D:D,"OUT") | E5: =C5-D5 | F5: =IFERROR(VLOOKUP(A5,ITEMS_MASTER!A:E,5,FALSE),"") | G5: =IF(E5=0,"RUPTURE",IF(E5<=F5,"ALERTE","OK"))
B6: =IFERROR(VLOOKUP(A6,ITEMS_MASTER!A:B,2,FALSE),"") | C6: =SUMIFS(STOCK_MOVEMENTS!E:E,STOCK_MOVEMENTS!B:B,A6,STOCK_MOVEMENTS!D:D,"IN") | D6: =SUMIFS(STOCK_MOVEMENTS!E:E,STOCK_MOVEMENTS!B:B,A6,STOCK_MOVEMENTS!D:D,"OUT") | E6: =C6-D6 | F6: =IFERROR(VLOOKUP(A6,ITEMS_MASTER!A:E,5,FALSE),"") | G6: =IF(E6=0,"RUPTURE",IF(E6<=F6,"ALERTE","OK"))
B7: =IFERROR(VLOOKUP(A7,ITEMS_MASTER!A:B,2,FALSE),"") | C7: =SUMIFS(STOCK_MOVEMENTS!E:E,STOCK_MOVEMENTS!B:B,A7,STOCK_MOVEMENTS!D:D,"IN") | D7: =SUMIFS(STOCK_MOVEMENTS!E:E,STOCK_MOVEMENTS!B:B,A7,STOCK_MOVEMENTS!D:D,"OUT") | E7: =C7-D7 | F7: =IFERROR(VLOOKUP(A7,ITEMS_MASTER!A:E,5,FALSE),"") | G7: =IF(E7=0,"RUPTURE",IF(E7<=F7,"ALERTE","OK"))
B8: =IFERROR(VLOOKUP(A8,ITEMS_MASTER!A:B,2,FALSE),"") | C8: =SUMIFS(STOCK_MOVEMENTS!E:E,STOCK_MOVEMENTS!B:B,A8,STOCK_MOVEMENTS!D:D,"IN") | D8: =SUMIFS(STOCK_MOVEMENTS!E:E,STOCK_MOVEMENTS!B:B,A8,STOCK_MOVEMENTS!D:D,"OUT") | E8: =C8-D8 | F8: =IFERROR(VLOOKUP(A8,ITEMS_MASTER!A:E,5,FALSE),"") | G8: =IF(E8=0,"RUPTURE",IF(E8<=F8,"ALERTE","OK"))
B9: =IFERROR(VLOOKUP(A9,ITEMS_MASTER!A:B,2,FALSE),"") | C9: =SUMIFS(STOCK_MOVEMENTS!E:E,STOCK_MOVEMENTS!B:B,A9,STOCK_MOVEMENTS!D:D,"IN") | D9: =SUMIFS(STOCK_MOVEMENTS!E:E,STOCK_MOVEMENTS!B:B,A9,STOCK_MOVEMENTS!D:D,"OUT") | E9: =C9-D9 | F9: =IFERROR(VLOOKUP(A9,ITEMS_MASTER!A:E,5,FALSE),"") | G9: =IF(E9=0,"RUPTURE",IF(E9<=F9,"ALERTE","OK"))
B10: =IFERROR(VLOOKUP(A10,ITEMS_MASTER!A:B,2,FALSE),"") | C10: =SUMIFS(STOCK_MOVEMENTS!E:E,STOCK_MOVEMENTS!B:B,A10,STOCK_MOVEMENTS!D:D,"IN") | D10: =SUMIFS(STOCK_MOVEMENTS!E:E,STOCK_MOVEMENTS!B:B,A10,STOCK_MOVEMENTS!D:D,"OUT") | E10: =C10-D10 | F10: =IFERROR(VLOOKUP(A10,ITEMS_MASTER!A:E,5,FALSE),"") | G10: =IF(E10=0,"RUPTURE",IF(E10<=F10,"ALERTE","OK"))
B11: =IFERROR(VLOOKUP(A11,ITEMS_MASTER!A:B,2,FALSE),"") | C11: =SUMIFS(STOCK_MOVEMENTS!E:E,STOCK_MOVEMENTS!B:B,A11,STOCK_MOVEMENTS!D:D,"IN") | D11: =SUMIFS(STOCK_MOVEMENTS!E:E,STOCK_MOVEMENTS!B:B,A11,STOCK_MOVEMENTS!D:D,"OUT") | E11: =C11-D11 | F11: =IFERROR(VLOOKUP(A11,ITEMS_MASTER!A:E,5,FALSE),"") | G11: =IF(E11=0,"RUPTURE",IF(E11<=F11,"ALERTE","OK"))
B12: =IFERROR(VLOOKUP(A12,ITEMS_MASTER!A:B,2,FALSE),"") | C12: =SUMIFS(STOCK_MOVEMENTS!E:E,STOCK_MOVEMENTS!B:B,A12,STOCK_MOVEMENTS!D:D,"IN") | D12: =SUMIFS(STOCK_MOVEMENTS!E:E,STOCK_MOVEMENTS!B:B,A12,STOCK_MOVEMENTS!D:D,"OUT") | E12: =C12-D12 | F12: =IFERROR(VLOOKUP(A12,ITEMS_MASTER!A:E,5,FALSE),"") | G12: =IF(E12=0,"RUPTURE",IF(E12<=F12,"ALERTE","OK"))
B13: =IFERROR(VLOOKUP(A13,ITEMS_MASTER!A:B,2,FALSE),"") | C13: =SUMIFS(STOCK_MOVEMENTS!E:E,STOCK_MOVEMENTS!B:B,A13,STOCK_MOVEMENTS!D:D,"IN") | D13: =SUMIFS(STOCK_MOVEMENTS!E:E,STOCK_MOVEMENTS!B:B,A13,STOCK_MOVEMENTS!D:D,"OUT") | E13: =C13-D13 | F13: =IFERROR(VLOOKUP(A13,ITEMS_MASTER!A:E,5,FALSE),"") | G13: =IF(E13=0,"RUPTURE",IF(E13<=F13,"ALERTE","OK"))
... B199: =IFERROR(VLOOKUP(A199,ITEMS_MASTER!A:B,2,FALSE),"") | C199: =SUMIFS(STOCK_MOVEMENTS!E:E,STOCK_MOVEMENTS!B:B,A199,STOCK_MOVEMENTS!D:D,"IN") | D199: =SUMIFS(STOCK_MOVEMENTS!E:E,STOCK_MOVEMENTS!B:B,A199,STOCK_MOVEMENTS!D:D,"OUT") | E199: =C199-D199 | F199: =IFERROR(VLOOKUP(A199,ITEMS_MASTER!A:E,5,FALSE),"") | G199: =IF(E199=0,"RUPTURE",IF(E199<=F199,"ALERTE","OK"))
